applicant_id,age,gender,marital_status,annual_income,loan_amount,credit_score,num_dependents,existing_loans_count,employment_status,loan_approved
1,59,Male,Divorced,100073,7169,793,1,1,Unemployed,1
2,49,Male,Married,112197,23556,789,0,2,Employed,1
3,35,Male,Divorced,84429,27052,372,1,4,Unemployed,0
4,63,Female,Single,124195,11313,808,3,4,Self-employed,1
5,28,Female,Married,81627,13315,689,0,1,Unemployed,1
6,41,Male,Married,53848,13036,594,3,4,Unemployed,0
7,59,Male,Divorced,57804,36778,668,1,1,Employed,1
8,39,Male,Single,35379,32734,848,0,4,Unemployed,0
9,43,Female,Married,79664,28173,486,1,0,Employed,1
10,31,Female,Single,47766,35403,744,0,1,Self-employed,1
11,31,Female,Married,129126,5785,662,1,1,Unemployed,1
12,44,Female,Single,88099,11139,422,3,3,Self-employed,0
13,56,Male,Divorced,56060,11344,487,3,4,Self-employed,0
14,60,Male,Married,114733,23800,719,1,4,Unemployed,1
15,44,Male,Married,89122,30372,551,0,1,Employed,1
16,23,Male,Single,36087,25538,848,2,0,Self-employed,1
17,42,Female,Single,68868,19973,634,3,0,Self-employed,1
18,22,Female,Married,139119,10619,391,3,0,Unemployed,0
19,44,Male,Divorced,43225,39704,829,2,4,Unemployed,1
20,64,Male,Single,115286,41575,362,1,3,Unemployed,0
21,50,Female,Single,26643,44919,811,0,1,Unemployed,1
22,58,Male,Single,113059,47261,438,1,2,Unemployed,1
23,22,Female,Married,56727,32716,484,4,3,Unemployed,0
24,41,Male,Married,31005,8236,504,3,2,Employed,0
25,53,Male,Married,129079,20848,513,4,3,Self-employed,0
26,32,Male,Married,85697,7352,555,3,0,Employed,1
27,42,Male,Divorced,36029,6932,434,3,4,Employed,0
28,64,Male,Divorced,135281,15913,387,4,2,Unemployed,0
29,45,Male,Married,34226,13556,506,4,3,Self-employed,0
30,47,Male,Divorced,83646,26300,428,1,4,Employed,1
31,62,Female,Single,80603,10498,302,4,2,Unemployed,0
32,48,Female,Single,48731,15582,420,1,1,Unemployed,1
33,36,Female,Single,129458,14569,684,1,3,Self-employed,1
34,35,Female,Married,130384,9857,337,1,1,Employed,1
35,64,Female,Single,88926,5340,640,3,0,Employed,1
36,23,Male,Divorced,25997,48949,320,3,1,Employed,0
37,57,Male,Married,75506,21766,541,4,1,Unemployed,0
38,27,Female,Divorced,98229,31132,754,3,3,Self-employed,1
39,41,Male,Single,69815,13491,602,4,0,Self-employed,1
40,29,Female,Single,62092,5138,368,3,1,Employed,1
41,59,Female,Single,82539,5358,428,0,4,Unemployed,0
42,38,Male,Married,86077,14714,495,0,2,Employed,1
43,24,Male,Divorced,41817,24840,439,4,1,Self-employed,1
44,45,Male,Married,57861,39395,743,3,0,Unemployed,1
45,34,Female,Married,33428,35654,582,3,1,Employed,0
46,29,Male,Single,63934,30879,611,1,2,Employed,1
47,46,Female,Married,135555,20996,834,2,0,Unemployed,1
48,22,Female,Married,134367,42772,576,4,3,Self-employed,0
49,40,Female,Single,30258,31762,360,2,0,Unemployed,0
50,48,Male,Married,77775,18283,618,2,3,Employed,1
51,27,Male,Single,101580,44420,351,4,0,Employed,1
52,64,Female,Single,114947,24554,452,3,2,Employed,1
53,28,Male,Single,25469,25219,610,4,2,Employed,1
54,55,Male,Single,48854,39919,843,2,0,Self-employed,1
55,34,Male,Married,26256,14429,688,3,1,Self-employed,1
56,37,Female,Single,144086,49695,847,0,2,Employed,1
57,56,Female,Single,96256,44673,476,4,3,Self-employed,0
58,60,Male,Married,53937,24218,661,4,3,Self-employed,1
59,24,Female,Married,119134,17452,613,3,4,Self-employed,1
60,22,Male,Divorced,21651,23951,396,0,3,Employed,0
61,26,Male,Married,70288,6307,512,0,4,Unemployed,0
62,62,Male,Married,104730,19852,436,3,0,Unemployed,0
63,24,Male,Divorced,45051,30232,305,1,0,Unemployed,1
64,49,Female,Married,47386,40428,408,4,0,Employed,1
65,38,Female,Married,95054,48171,846,4,1,Self-employed,1
66,46,Female,Married,131562,31485,338,2,1,Self-employed,1
67,64,Male,Married,36184,15238,724,3,4,Employed,0
68,54,Male,Divorced,53787,43975,560,2,3,Employed,1
69,30,Male,Married,41621,6140,725,2,3,Unemployed,1
70,56,Female,Married,95564,29842,386,0,0,Unemployed,1
71,34,Male,Divorced,97984,31421,764,4,2,Employed,1
72,51,Female,Single,79792,6708,375,2,1,Unemployed,1
73,35,Female,Divorced,65253,8630,770,0,1,Self-employed,1
74,28,Female,Single,54051,24595,713,3,0,Employed,1
75,34,Female,Divorced,69811,15485,756,2,1,Employed,1
76,43,Female,Divorced,50447,33308,584,4,0,Self-employed,1
77,60,Female,Married,148046,49789,538,2,4,Self-employed,1
78,41,Male,Single,103930,31086,671,3,3,Self-employed,1
79,36,Male,Married,143278,21859,794,2,2,Unemployed,1
80,38,Female,Single,120037,12684,344,4,3,Employed,0
81,44,Female,Divorced,50254,30552,700,0,3,Unemployed,1
82,46,Male,Divorced,104045,6207,546,4,4,Self-employed,0
83,45,Female,Single,136859,6960,749,0,1,Unemployed,1
84,61,Female,Married,77418,5557,784,1,2,Self-employed,1
85,49,Male,Married,134534,34689,317,4,1,Unemployed,0
86,35,Female,Married,34472,18893,588,4,3,Unemployed,0
87,21,Female,Married,131193,37272,713,3,0,Self-employed,1
88,45,Female,Divorced,23471,5882,534,2,3,Unemployed,0
89,27,Male,Divorced,127332,42529,715,0,1,Employed,1
90,29,Male,Divorced,140312,43635,798,0,3,Unemployed,1
91,44,Male,Divorced,143379,34535,414,3,0,Unemployed,0
92,21,Female,Divorced,115804,17869,533,3,4,Employed,0
93,64,Female,Married,28329,12166,839,2,1,Self-employed,1
94,28,Male,Married,54865,17982,310,2,3,Employed,1
95,44,Female,Married,66850,45697,505,4,1,Unemployed,0
96,31,Female,Married,74220,43115,546,1,4,Self-employed,1
97,37,Female,Divorced,132234,12269,426,2,3,Unemployed,0
98,28,Female,Divorced,113808,33064,446,3,3,Unemployed,0
99,55,Female,Divorced,128381,18527,417,2,1,Employed,1
100,55,Male,Single,26397,7454,681,0,1,Employed,1
101,53,Female,Married,117909,25878,711,1,0,Self-employed,1
102,25,Male,Married,149004,17991,662,4,4,Self-employed,1
103,62,Female,Divorced,55525,7808,808,0,0,Self-employed,1
104,59,Male,Married,73072,44410,436,0,3,Unemployed,0
105,61,Female,Married,110106,41593,474,1,1,Employed,1
106,48,Male,Divorced,103820,41304,588,4,3,Employed,0
107,27,Female,Single,104530,35386,780,3,3,Employed,1
108,29,Male,Single,43284,8802,318,4,2,Self-employed,1
109,28,Female,Single,81330,33753,494,2,2,Employed,1
110,32,Male,Divorced,103369,26083,629,0,3,Employed,1
111,54,Female,Married,45122,23354,474,2,1,Employed,1
112,53,Male,Divorced,90553,27190,748,3,3,Self-employed,1
113,43,Male,Divorced,101906,11142,653,2,2,Employed,1
114,44,Female,Married,114788,33398,798,4,1,Self-employed,1
115,57,Female,Single,82812,46862,440,2,3,Employed,1
116,55,Male,Single,27999,38132,392,3,4,Employed,0
117,64,Female,Divorced,42436,24503,538,3,4,Employed,0
118,60,Male,Single,62963,39631,504,3,3,Self-employed,0
119,42,Male,Divorced,22096,21499,732,4,1,Self-employed,1
120,47,Male,Divorced,149940,44852,544,3,3,Employed,0
121,55,Female,Married,133737,13016,616,0,3,Unemployed,1
122,21,Male,Married,45279,7384,594,3,2,Self-employed,1
123,55,Male,Married,141092,20072,581,2,4,Self-employed,1
124,57,Female,Divorced,128899,41703,316,2,2,Employed,1
125,34,Female,Married,134245,19482,370,2,2,Unemployed,1
126,23,Female,Single,46201,45510,568,4,3,Employed,0
127,21,Female,Single,39715,26826,624,2,2,Self-employed,1
128,25,Male,Divorced,49309,7490,604,4,4,Self-employed,1
129,46,Male,Divorced,35078,30518,750,4,2,Employed,1
130,34,Male,Married,76614,29045,306,3,4,Employed,0
131,59,Male,Divorced,25105,31910,613,0,2,Unemployed,1
132,47,Female,Divorced,137666,29566,402,3,4,Unemployed,0
133,29,Male,Single,114848,38905,492,3,2,Self-employed,1
134,35,Male,Single,22839,32103,828,4,2,Unemployed,0
135,35,Female,Married,88920,41188,470,4,1,Unemployed,0
136,46,Male,Divorced,63619,10845,836,2,4,Self-employed,1
137,62,Male,Divorced,62821,26162,550,2,4,Self-employed,1
138,33,Male,Single,145736,41674,686,3,4,Self-employed,1
139,52,Male,Divorced,33493,24337,506,1,0,Self-employed,1
140,59,Male,Single,37069,27313,840,1,2,Employed,1
141,52,Male,Married,132443,31943,715,2,4,Self-employed,1
142,24,Female,Single,27531,17413,679,1,0,Self-employed,1
143,50,Female,Divorced,57051,5276,443,2,1,Self-employed,1
144,57,Male,Married,27736,22611,324,4,4,Unemployed,0
145,43,Male,Single,27710,44105,372,3,4,Self-employed,0
146,59,Female,Single,87155,16944,392,0,0,Employed,1
147,35,Male,Married,33975,20906,804,3,2,Employed,1
148,63,Male,Married,82424,25536,635,2,1,Self-employed,1
149,49,Male,Single,65603,32810,724,2,4,Employed,1
150,56,Female,Divorced,43252,17306,798,3,2,Unemployed,1
151,33,Male,Single,100797,15503,663,2,1,Self-employed,1
152,52,Female,Married,21431,24225,498,1,3,Employed,0
153,27,Male,Single,94603,41976,712,1,3,Employed,1
154,42,Female,Married,57481,16590,638,2,1,Self-employed,1
155,48,Female,Married,112573,15886,728,2,0,Employed,1
156,22,Male,Divorced,29557,17866,438,1,1,Self-employed,1
157,62,Female,Married,94971,6088,841,2,1,Employed,1
158,26,Male,Married,123302,8363,356,2,0,Unemployed,1
159,48,Female,Divorced,20162,37792,531,3,0,Employed,0
160,48,Male,Married,54742,14764,734,0,2,Employed,1
161,64,Male,Divorced,39675,25620,683,1,2,Self-employed,1
162,64,Female,Divorced,93997,47727,493,3,0,Employed,1
163,40,Male,Married,37015,17935,833,0,3,Self-employed,1
164,50,Male,Married,70057,13068,817,2,3,Unemployed,1
165,31,Female,Single,52591,12295,484,2,1,Self-employed,1
166,48,Male,Divorced,113583,46160,591,3,4,Self-employed,0
167,45,Male,Single,146133,16390,634,2,1,Employed,1
168,59,Female,Married,120318,46216,415,4,1,Unemployed,0
169,53,Female,Single,29833,25131,348,3,4,Self-employed,0
170,21,Male,Divorced,27896,34218,381,0,0,Employed,1
171,47,Male,Single,52972,15433,632,3,3,Employed,1
172,33,Female,Divorced,69733,20038,634,1,1,Self-employed,1
173,61,Female,Married,140363,33182,831,3,4,Employed,1
174,23,Male,Married,61800,16528,520,2,2,Self-employed,1
175,59,Female,Divorced,116044,26281,622,2,1,Self-employed,1
176,26,Male,Married,25347,13605,302,4,3,Self-employed,0
177,28,Male,Married,79063,39782,505,4,0,Unemployed,0
178,47,Male,Married,115850,6381,339,4,1,Self-employed,1
179,29,Male,Married,22643,6098,358,0,1,Employed,1
180,57,Male,Divorced,60785,24810,806,4,4,Unemployed,0
181,53,Female,Single,38681,29322,421,0,2,Employed,1
182,62,Female,Single,70026,46869,778,4,2,Unemployed,1
183,64,Female,Married,123864,37955,395,0,0,Unemployed,1
184,44,Female,Single,35892,49716,713,3,3,Unemployed,0
185,35,Male,Single,67299,15207,534,3,0,Unemployed,0
186,52,Male,Married,37073,26793,361,2,1,Employed,1
187,52,Male,Married,122304,7092,555,0,1,Self-employed,1
188,44,Male,Single,50682,33220,647,1,2,Employed,1
189,61,Female,Divorced,117798,23514,423,2,3,Self-employed,1
190,32,Male,Married,146021,43010,781,3,4,Employed,1
191,59,Male,Divorced,116894,13549,616,0,3,Unemployed,1
192,22,Female,Single,144302,27031,803,4,1,Unemployed,1
193,23,Female,Married,34289,10185,347,1,4,Self-employed,0
194,57,Female,Divorced,135359,20271,708,3,3,Self-employed,1
195,37,Female,Married,27927,10776,435,2,3,Employed,0
196,22,Male,Single,68330,17449,500,0,4,Self-employed,1
197,22,Male,Divorced,86707,29297,549,1,1,Employed,1
198,48,Female,Single,140279,45591,613,0,3,Self-employed,1
199,43,Male,Single,97454,20717,667,4,4,Self-employed,1
200,57,Male,Married,127439,45123,728,2,1,Self-employed,1
201,52,Male,Divorced,124646,44233,779,0,4,Unemployed,1
202,53,Female,Single,85428,15350,613,3,4,Unemployed,0
203,21,Male,Single,70601,35622,799,2,3,Employed,1
204,39,Female,Divorced,97465,40323,654,3,1,Self-employed,1
205,22,Male,Single,22539,7951,784,0,3,Employed,1
206,64,Male,Single,122263,22622,510,2,0,Self-employed,1
207,46,Male,Divorced,131487,9727,343,3,0,Unemployed,0
208,52,Female,Divorced,42669,43454,840,4,1,Unemployed,1
209,26,Male,Divorced,90968,41469,391,4,4,Self-employed,0
210,52,Female,Divorced,40644,40548,564,0,3,Self-employed,1
211,24,Female,Married,38745,28782,519,2,3,Unemployed,0
212,31,Female,Divorced,140852,33454,741,1,1,Unemployed,1
213,37,Male,Married,148081,7368,700,2,1,Employed,1
214,58,Male,Married,48228,20592,699,4,0,Unemployed,1
215,44,Male,Married,138358,27173,789,3,2,Self-employed,1
216,25,Male,Single,54521,38204,784,1,1,Employed,1
217,54,Female,Married,142788,40596,769,0,2,Self-employed,1
218,26,Female,Married,117239,39324,744,1,1,Employed,1
219,42,Female,Single,46928,28864,568,0,4,Self-employed,1
220,31,Male,Single,38322,35750,566,1,4,Unemployed,0
221,36,Female,Single,77714,15576,353,0,0,Self-employed,1
222,53,Male,Divorced,107896,21566,827,0,0,Employed,1
223,29,Female,Single,82292,12190,819,1,2,Self-employed,1
224,26,Male,Single,49055,28071,358,1,1,Employed,1
225,36,Male,Married,62891,43333,339,0,3,Self-employed,1
226,49,Female,Single,101912,20369,536,4,0,Unemployed,0
227,23,Female,Divorced,26588,29035,685,1,3,Unemployed,0
228,40,Female,Single,110536,6589,599,2,3,Self-employed,1
229,56,Female,Divorced,26304,30235,694,3,1,Self-employed,1
230,39,Male,Single,27345,5159,506,0,2,Self-employed,1
231,46,Female,Single,49300,17145,635,0,1,Employed,1
232,23,Female,Single,44259,20373,813,3,0,Self-employed,1
233,39,Female,Single,111006,36921,477,4,3,Self-employed,0
234,40,Male,Divorced,108553,44323,695,3,1,Employed,1
235,52,Male,Divorced,35352,21237,670,1,1,Unemployed,1
236,27,Female,Married,149350,46971,617,3,1,Self-employed,1
237,61,Male,Divorced,53365,13244,668,0,0,Self-employed,1
238,53,Female,Single,39446,19743,683,3,2,Unemployed,0
239,60,Male,Married,22336,36566,361,2,1,Unemployed,0
240,59,Male,Married,82032,23691,804,1,0,Employed,1
241,38,Male,Married,95415,38996,538,3,3,Self-employed,0
242,60,Male,Single,117852,10590,494,0,4,Self-employed,1
243,21,Female,Divorced,118876,10585,521,1,0,Employed,1
244,31,Female,Single,27521,14227,360,0,4,Unemployed,0
245,48,Female,Married,91707,33278,428,4,1,Employed,1
246,45,Male,Single,43481,43814,455,2,1,Unemployed,1
247,43,Female,Single,38474,17237,677,4,0,Employed,1
248,51,Female,Divorced,66760,20649,736,2,4,Unemployed,1
249,50,Female,Divorced,75718,42713,506,3,1,Employed,1
250,62,Male,Married,64629,12927,687,1,3,Unemployed,1
251,55,Male,Single,65232,12016,779,3,2,Unemployed,1
252,27,Male,Single,106544,19027,639,2,2,Unemployed,1
253,36,Female,Divorced,87169,29142,639,2,1,Unemployed,1
254,46,Female,Single,147941,28545,503,2,4,Unemployed,0
255,22,Female,Single,70669,36897,460,0,1,Self-employed,1
256,21,Male,Single,98021,8167,839,1,4,Unemployed,1
257,32,Male,Divorced,129153,49757,691,3,3,Self-employed,1
258,25,Female,Married,89184,31917,833,3,4,Unemployed,0
259,57,Male,Married,67945,27736,369,4,1,Self-employed,1
260,52,Male,Single,33140,32990,704,2,3,Self-employed,1
261,29,Male,Married,146468,19087,816,2,0,Employed,1
262,61,Male,Divorced,103457,27440,419,2,2,Unemployed,1
263,55,Female,Divorced,34357,40205,516,3,1,Employed,0
264,39,Male,Married,131672,20275,355,4,1,Employed,1
265,36,Male,Married,88673,10276,665,0,1,Unemployed,1
266,23,Male,Single,141673,46627,803,1,3,Employed,1
267,40,Male,Married,85633,45586,754,0,0,Unemployed,1
268,44,Female,Single,96943,42496,403,3,4,Employed,0
269,53,Female,Single,116111,24008,376,2,0,Unemployed,1
270,44,Male,Divorced,98258,10738,529,1,3,Unemployed,0
271,31,Male,Divorced,32924,37402,557,3,1,Unemployed,0
272,28,Male,Divorced,89286,10793,563,3,2,Self-employed,1
273,56,Male,Divorced,113269,42291,630,3,1,Employed,1
274,58,Male,Married,147563,10571,481,1,4,Self-employed,1
275,60,Male,Divorced,94071,36331,849,1,2,Employed,1
276,40,Female,Married,77326,21209,326,4,1,Employed,1
277,55,Male,Divorced,110023,30394,575,4,2,Employed,1
278,45,Female,Married,140101,48148,598,0,0,Self-employed,1
279,55,Female,Single,50651,30682,390,1,3,Employed,1
280,45,Male,Married,90202,7224,779,1,1,Self-employed,1
281,49,Female,Married,68777,46157,757,1,4,Unemployed,1
282,38,Female,Divorced,36994,49452,750,4,0,Employed,1
283,38,Female,Married,87263,48408,664,3,1,Employed,1
284,22,Female,Single,79634,37441,650,2,0,Unemployed,1
285,55,Female,Single,120158,46430,699,4,4,Unemployed,0
286,36,Female,Divorced,30800,44129,552,1,1,Employed,1
287,61,Male,Single,57823,39716,758,4,4,Unemployed,0
288,56,Female,Married,128575,49859,798,0,2,Self-employed,1
289,53,Female,Single,83878,31586,807,1,4,Self-employed,1
290,24,Female,Divorced,38708,49760,603,0,2,Employed,1
291,53,Male,Married,32819,28478,800,1,1,Self-employed,1
292,34,Female,Divorced,94905,11318,465,4,2,Self-employed,1
293,41,Male,Married,83870,33694,714,3,1,Employed,1
294,40,Female,Single,29283,25180,761,2,1,Unemployed,1
295,28,Male,Divorced,50573,17180,413,0,3,Employed,1
296,27,Male,Divorced,98707,38002,732,4,1,Self-employed,1
297,23,Female,Married,50933,20372,655,3,2,Employed,1
298,37,Female,Divorced,25774,34796,506,4,3,Employed,0
299,53,Male,Married,92055,29427,534,0,3,Self-employed,1
300,32,Female,Married,30983,38290,741,2,1,Self-employed,1
301,42,Male,Married,116468,33099,654,4,4,Employed,1
302,42,Male,Married,116334,14821,814,1,4,Self-employed,1
303,50,Male,Single,38133,10832,507,3,3,Self-employed,0
304,58,Male,Married,145555,17820,424,4,1,Self-employed,1
305,58,Male,Divorced,34939,21211,437,3,4,Self-employed,0
306,28,Female,Single,20781,44890,638,1,1,Self-employed,1
307,47,Male,Divorced,134586,10842,836,2,1,Self-employed,1
308,47,Male,Single,76700,6316,367,2,3,Unemployed,0
309,54,Female,Married,47624,22508,840,1,3,Employed,1
310,41,Male,Single,26823,27005,682,3,0,Self-employed,1
311,50,Female,Single,38489,20206,318,4,4,Employed,0
312,53,Female,Divorced,138555,23971,749,1,4,Unemployed,1
313,48,Female,Divorced,59961,30599,373,0,4,Self-employed,1
314,53,Male,Married,139664,27056,575,3,2,Employed,1
315,25,Male,Single,49118,6378,347,2,1,Self-employed,1
316,39,Male,Single,120417,6519,510,1,3,Self-employed,1
317,24,Female,Single,101816,27161,839,2,4,Self-employed,1
318,55,Male,Married,42263,45703,490,3,0,Self-employed,1
319,37,Female,Married,33565,43861,614,2,4,Self-employed,1
320,64,Male,Married,40354,10355,412,1,1,Self-employed,1
321,48,Female,Married,62951,14083,469,3,1,Self-employed,1
322,50,Male,Married,111179,43342,767,0,3,Unemployed,1
323,49,Male,Divorced,43648,25456,313,1,2,Unemployed,1
324,26,Male,Single,70729,18324,587,4,3,Self-employed,0
325,55,Female,Single,61971,7257,488,1,4,Self-employed,1
326,61,Female,Single,38658,32364,454,3,0,Unemployed,0
327,57,Male,Single,41253,29972,770,1,3,Unemployed,1
328,44,Male,Single,84166,31654,374,0,2,Unemployed,1
329,49,Female,Single,68563,20233,576,0,3,Self-employed,1
330,51,Female,Single,46390,20887,642,4,1,Employed,1
331,55,Female,Single,108664,34320,724,2,4,Employed,1
332,53,Male,Divorced,71578,25808,810,3,4,Employed,1
333,41,Female,Single,99025,35154,481,3,4,Employed,0
334,52,Male,Divorced,123850,39773,757,2,4,Self-employed,1
335,43,Female,Married,52658,32747,363,0,4,Employed,1
336,53,Male,Single,26852,15860,559,0,4,Unemployed,0
337,23,Female,Married,147282,47838,492,1,0,Unemployed,1
338,38,Female,Married,114986,47156,705,4,2,Employed,1
339,45,Female,Married,22551,23156,392,4,4,Unemployed,0
340,62,Female,Divorced,91947,25360,729,4,2,Self-employed,1
341,51,Female,Married,81001,23135,733,1,4,Employed,1
342,23,Male,Married,69159,30351,703,4,3,Employed,1
343,60,Female,Married,142775,35499,733,2,4,Self-employed,1
344,44,Female,Single,71707,28554,411,1,1,Unemployed,1
345,52,Female,Single,53243,24604,674,2,0,Self-employed,1
346,42,Male,Divorced,41800,21923,358,1,3,Self-employed,1
347,43,Female,Divorced,95939,13547,342,4,3,Unemployed,0
348,22,Male,Single,77828,49283,506,2,1,Self-employed,1
349,47,Female,Divorced,27239,38002,595,2,4,Unemployed,0
350,62,Female,Single,26710,19562,417,2,0,Unemployed,0
351,22,Male,Married,41384,12480,831,1,3,Self-employed,1
352,46,Female,Married,41038,31672,521,3,0,Unemployed,0
353,37,Male,Divorced,60846,9213,465,4,3,Self-employed,0
354,60,Male,Single,107983,15293,455,2,4,Unemployed,0
355,53,Female,Single,87821,39441,483,3,3,Employed,0
356,29,Male,Divorced,57991,7100,389,4,3,Unemployed,0
357,63,Female,Single,99057,49617,393,4,2,Unemployed,0
358,59,Female,Married,133193,33172,312,2,4,Self-employed,1
359,49,Male,Divorced,26971,25132,737,2,1,Unemployed,1
360,62,Male,Divorced,49139,23199,837,1,1,Employed,1
361,46,Male,Single,105445,41609,449,3,4,Employed,0
362,55,Male,Divorced,97067,47965,307,3,1,Unemployed,0
363,45,Female,Single,100257,13016,328,2,4,Unemployed,0
364,44,Female,Single,104742,44779,595,4,1,Employed,1
365,33,Male,Single,57711,42261,639,2,2,Self-employed,1
366,27,Female,Single,26530,36881,738,4,1,Employed,1
367,56,Female,Single,31116,22058,443,4,3,Employed,0
368,40,Female,Divorced,85794,29472,818,2,4,Unemployed,1
369,21,Female,Married,20282,46346,344,0,0,Unemployed,0
370,28,Male,Married,99473,39926,538,3,0,Employed,1
371,36,Male,Divorced,21898,39832,454,4,4,Self-employed,0
372,34,Female,Divorced,24135,41021,480,4,2,Employed,0
373,32,Male,Married,26629,29087,514,0,1,Employed,1
374,43,Male,Married,129472,17828,387,1,2,Self-employed,1
375,35,Male,Married,145147,36128,555,0,0,Employed,1
376,48,Female,Married,105120,6401,810,0,4,Employed,1
377,54,Female,Married,139798,24643,372,4,4,Unemployed,0
378,22,Female,Single,109087,20193,478,3,2,Self-employed,1
379,52,Male,Divorced,85031,31853,511,0,2,Unemployed,1
380,43,Female,Single,53380,49864,533,1,1,Unemployed,1
381,42,Female,Married,149951,25307,764,2,3,Self-employed,1
382,45,Male,Married,132507,41982,522,0,3,Self-employed,1
383,42,Female,Married,37071,24611,563,0,1,Employed,1
384,42,Female,Single,40074,48791,506,1,3,Unemployed,0
385,62,Male,Single,110724,16950,665,3,0,Self-employed,1
386,26,Male,Married,87843,15704,575,0,3,Unemployed,0
387,35,Male,Single,59901,48111,679,0,1,Unemployed,1
388,63,Female,Single,31205,16867,608,3,3,Self-employed,0
389,57,Female,Married,75661,7745,567,1,4,Employed,1
390,53,Female,Single,144661,8866,363,0,2,Unemployed,1
391,28,Male,Divorced,25906,37245,649,3,0,Self-employed,1
392,64,Male,Divorced,22591,49724,793,0,4,Employed,1
393,64,Female,Divorced,145576,10818,822,2,4,Unemployed,1
394,25,Female,Divorced,82987,35116,397,4,1,Self-employed,1
395,59,Male,Married,83370,20493,370,2,2,Unemployed,1
396,24,Male,Married,100685,33038,663,0,2,Self-employed,1
397,26,Male,Married,130454,25447,575,1,0,Self-employed,1
398,52,Male,Divorced,125487,35431,349,4,1,Unemployed,0
399,50,Female,Divorced,74400,22908,657,2,0,Unemployed,1
400,55,Male,Single,45150,34336,784,3,3,Self-employed,1
401,60,Female,Single,51852,45992,383,1,4,Employed,1
402,36,Female,Divorced,62870,9025,595,2,0,Unemployed,1
403,33,Female,Divorced,139796,25093,535,3,4,Self-employed,0
404,62,Male,Divorced,72756,11155,355,0,1,Self-employed,1
405,50,Male,Divorced,135357,38487,659,3,3,Employed,1
406,39,Male,Single,139052,25963,409,2,1,Employed,1
407,37,Male,Divorced,76481,25936,491,2,3,Employed,1
408,39,Female,Single,21283,9426,392,0,3,Unemployed,0
409,48,Male,Divorced,53691,28303,359,3,4,Self-employed,0
410,46,Male,Divorced,21125,32606,338,3,1,Self-employed,0
411,57,Female,Divorced,87065,33151,839,0,1,Self-employed,1
412,46,Male,Single,148734,18767,348,3,0,Employed,1
413,43,Female,Single,46170,16308,719,0,1,Self-employed,1
414,29,Female,Married,28438,49245,312,1,0,Unemployed,0
415,32,Female,Divorced,40095,29770,335,2,2,Employed,1
416,21,Female,Married,36154,33572,400,1,2,Employed,1
417,21,Female,Married,28004,46448,385,4,2,Employed,0
418,54,Female,Single,29752,7204,815,4,1,Employed,1
419,52,Female,Single,75426,32233,522,4,1,Unemployed,0
420,45,Female,Married,128896,26729,637,0,0,Self-employed,1
421,60,Male,Divorced,46819,36131,465,3,3,Unemployed,0
422,21,Male,Single,122168,38870,682,1,0,Self-employed,1
423,36,Male,Divorced,112051,43011,675,1,2,Unemployed,1
424,59,Male,Divorced,147905,44382,770,1,0,Employed,1
425,25,Female,Married,44217,46475,330,1,3,Employed,1
426,42,Male,Married,145949,26607,674,4,1,Unemployed,1
427,49,Female,Married,108708,29968,310,1,0,Unemployed,1
428,23,Male,Married,52994,38398,601,3,2,Self-employed,1
429,32,Male,Single,35036,16908,395,4,2,Unemployed,0
430,46,Male,Single,97275,31423,489,1,1,Unemployed,1
431,36,Female,Married,117756,48615,752,0,0,Self-employed,1
432,57,Male,Single,69416,14171,491,2,3,Self-employed,1
433,42,Female,Married,29587,17721,785,2,1,Self-employed,1
434,49,Female,Divorced,130053,21616,565,2,0,Unemployed,1
435,34,Male,Divorced,115665,47512,723,4,4,Self-employed,1
436,48,Male,Divorced,20645,43458,427,1,2,Employed,1
437,25,Male,Married,50930,12659,537,4,3,Employed,0
438,50,Female,Divorced,101835,48369,654,3,3,Employed,1
439,25,Male,Single,142232,16704,411,0,3,Unemployed,0
440,32,Female,Divorced,50090,37793,745,0,2,Employed,1
441,36,Female,Divorced,107489,36226,642,2,0,Unemployed,1
442,46,Male,Divorced,72142,28852,444,2,1,Unemployed,1
443,46,Male,Single,131979,37082,364,2,0,Employed,1
444,41,Female,Married,46475,27794,546,1,1,Self-employed,1
445,59,Female,Single,38888,46420,789,3,3,Unemployed,0
446,56,Female,Married,63732,18379,738,3,0,Employed,1
447,53,Male,Married,101623,12006,405,3,3,Unemployed,0
448,50,Female,Divorced,66305,13682,480,3,4,Self-employed,0
449,57,Male,Married,66037,38840,483,2,3,Self-employed,1
450,43,Female,Single,29346,37430,525,0,3,Employed,0
451,30,Female,Single,20587,28091,388,2,1,Unemployed,0
452,25,Male,Married,32763,37983,829,3,4,Unemployed,0
453,56,Female,Divorced,79165,28989,670,2,3,Unemployed,1
454,54,Male,Divorced,127481,14915,698,3,3,Unemployed,0
455,51,Male,Single,89615,47552,405,4,4,Employed,0
456,30,Female,Divorced,56116,23990,570,0,4,Self-employed,1
457,39,Male,Married,140987,29734,802,4,0,Employed,1
458,52,Male,Married,105751,19824,824,1,1,Unemployed,1
459,21,Female,Single,111353,41081,331,2,4,Unemployed,0
460,25,Male,Married,110301,16033,692,1,4,Self-employed,1
461,24,Male,Single,115648,47736,339,2,2,Unemployed,1
462,36,Male,Married,45556,21241,517,4,4,Employed,0
463,44,Female,Single,79042,10939,381,3,1,Employed,1
464,36,Male,Divorced,38099,40063,500,3,3,Self-employed,0
465,22,Female,Married,129089,39464,746,2,3,Employed,1
466,48,Female,Married,65096,16185,727,3,3,Employed,1
467,52,Male,Single,91986,32045,337,4,3,Employed,0
468,47,Male,Single,33230,49769,510,3,2,Employed,0
469,40,Male,Married,49009,24167,743,4,4,Unemployed,0
470,44,Female,Single,90969,41412,626,1,3,Employed,1
471,32,Male,Married,53866,26625,526,4,0,Self-employed,1
472,55,Male,Divorced,125400,44188,347,0,3,Self-employed,1
473,53,Male,Single,104246,32076,317,0,4,Employed,1
474,53,Male,Married,96975,49605,738,0,3,Self-employed,1
475,63,Male,Divorced,61855,24029,486,2,2,Employed,1
476,57,Female,Divorced,101557,27973,644,2,1,Self-employed,1
477,32,Female,Married,26416,44121,523,2,1,Self-employed,1
478,23,Male,Single,92516,36433,787,4,4,Employed,1
479,21,Male,Married,75915,48309,528,2,1,Employed,1
480,53,Male,Divorced,38058,6932,689,1,1,Unemployed,1
481,60,Male,Married,96637,49254,487,0,0,Employed,1
482,30,Female,Single,60718,6757,569,4,4,Employed,0
483,63,Male,Divorced,52602,35722,609,0,4,Unemployed,1
484,64,Female,Married,94658,42853,431,2,1,Employed,1
485,49,Female,Single,98112,43405,371,4,1,Employed,1
486,33,Male,Divorced,78067,6116,486,3,1,Unemployed,0
487,32,Female,Single,47516,48527,785,1,2,Employed,1
488,51,Female,Divorced,149295,16691,490,2,3,Employed,1
489,22,Female,Married,107969,5492,721,2,2,Unemployed,1
490,55,Female,Single,21089,32882,419,1,4,Unemployed,0
491,43,Male,Divorced,57346,13811,519,1,0,Self-employed,1
492,37,Male,Single,94663,32808,352,3,3,Employed,0
493,46,Female,Single,30487,29272,750,2,0,Self-employed,1
494,28,Male,Married,20155,33399,711,2,4,Self-employed,1
495,49,Male,Single,143950,11474,536,0,4,Unemployed,0
496,46,Male,Divorced,87494,31956,705,4,0,Employed,1
497,30,Male,Divorced,96229,47506,721,4,0,Employed,1
498,46,Male,Divorced,124648,18979,546,0,0,Unemployed,1
499,54,Female,Divorced,58547,49523,371,4,4,Self-employed,0
500,61,Male,Married,48795,47565,484,1,1,Unemployed,1
501,27,Male,Single,75296,33328,305,4,0,Employed,1
502,24,Male,Married,41447,17867,505,4,3,Unemployed,0
503,31,Male,Single,56598,30851,843,0,4,Employed,1
504,49,Female,Single,61814,36279,686,3,2,Self-employed,1
505,56,Female,Single,110751,35527,375,4,2,Employed,1
506,45,Female,Married,145118,12866,476,4,3,Self-employed,0
507,41,Female,Single,95330,20449,648,3,1,Self-employed,1
508,56,Male,Married,141347,15685,554,0,0,Employed,1
509,30,Female,Divorced,118745,28544,607,3,4,Employed,1
510,57,Male,Divorced,107960,10451,644,0,0,Self-employed,1
511,29,Male,Single,83278,26642,426,1,4,Unemployed,0
512,44,Male,Married,75077,46316,586,0,2,Employed,1
513,55,Male,Divorced,132782,44954,786,1,0,Self-employed,1
514,55,Male,Married,142046,43870,682,1,3,Self-employed,1
515,56,Female,Married,122932,36030,705,0,1,Unemployed,1
516,38,Female,Single,91906,35873,687,2,3,Employed,1
517,59,Female,Divorced,29528,5619,824,0,1,Self-employed,1
518,52,Female,Single,113812,38650,575,4,0,Unemployed,0
519,44,Male,Single,70100,30372,799,4,0,Self-employed,1
520,43,Female,Divorced,129869,8642,636,2,1,Employed,1
521,52,Male,Divorced,28179,33001,780,1,2,Unemployed,1
522,57,Female,Married,68781,39064,572,2,4,Self-employed,1
523,32,Male,Divorced,75267,34290,357,4,3,Unemployed,0
524,33,Male,Married,102379,19122,627,2,3,Employed,1
525,43,Female,Married,43952,29820,408,0,3,Unemployed,0
526,45,Male,Married,73798,7895,578,2,0,Employed,1
527,55,Male,Divorced,118696,10366,627,1,3,Self-employed,1
528,61,Female,Single,130434,13711,614,0,4,Employed,1
529,50,Male,Married,70939,24596,773,3,4,Self-employed,1
530,37,Female,Single,49516,23793,410,4,1,Self-employed,1
531,40,Female,Single,76526,13199,528,4,0,Employed,1
532,45,Female,Divorced,30449,15717,796,2,4,Self-employed,1
533,42,Male,Single,70290,41191,455,0,2,Unemployed,1
534,33,Male,Single,146688,15211,772,3,0,Self-employed,1
535,39,Male,Divorced,106661,28360,571,0,0,Employed,1
536,56,Female,Married,92954,26542,301,4,4,Unemployed,0
537,32,Male,Single,42746,36312,810,0,2,Unemployed,1
538,61,Female,Divorced,87990,41435,585,3,1,Self-employed,1
539,39,Female,Single,78810,33247,312,2,4,Self-employed,1
540,32,Male,Single,138362,27357,797,1,2,Employed,1
541,29,Female,Married,103297,46045,537,0,0,Unemployed,1
542,27,Male,Single,35223,32691,393,1,2,Employed,1
543,48,Male,Divorced,92237,17424,637,4,0,Self-employed,1
544,34,Male,Single,22597,23852,470,2,4,Unemployed,0
545,51,Male,Married,85677,27601,766,2,4,Employed,1
546,39,Male,Married,22659,23020,442,0,3,Employed,0
547,36,Female,Divorced,106516,13155,500,2,3,Employed,1
548,25,Female,Married,94567,8583,479,0,3,Employed,1
549,55,Female,Single,35037,20515,663,0,4,Employed,1
550,32,Male,Married,146498,41777,778,1,1,Unemployed,1
551,45,Male,Divorced,66738,24710,770,2,4,Employed,1
552,41,Male,Married,123965,48178,683,0,2,Unemployed,1
553,56,Female,Married,91678,29532,716,1,4,Employed,1
554,43,Male,Married,32109,23601,607,3,4,Self-employed,0
555,36,Female,Divorced,42010,9967,666,1,0,Self-employed,1
556,59,Female,Married,28787,23753,300,1,0,Employed,1
557,62,Male,Married,128400,25022,343,0,0,Self-employed,1
558,59,Male,Single,28472,48463,397,4,4,Unemployed,0
559,34,Female,Divorced,135111,14135,564,4,1,Employed,1
560,51,Male,Married,43383,10722,439,4,2,Unemployed,0
561,25,Female,Divorced,81709,32413,780,1,2,Employed,1
562,55,Male,Married,89785,32236,536,0,1,Self-employed,1
563,43,Male,Married,133253,20514,371,2,1,Unemployed,1
564,49,Female,Married,54518,48896,489,1,2,Self-employed,1
565,63,Male,Single,73909,42212,567,1,3,Self-employed,1
566,31,Female,Single,38351,45386,620,0,0,Employed,1
567,38,Male,Single,89624,25331,406,3,0,Unemployed,0
568,32,Female,Divorced,73330,23060,531,1,2,Self-employed,1
569,29,Female,Divorced,142477,6196,341,3,1,Employed,1
570,30,Male,Single,35282,17297,438,3,3,Employed,0
571,64,Female,Divorced,104866,7787,572,4,2,Employed,1
572,37,Male,Married,127945,28816,780,0,0,Self-employed,1
573,58,Male,Married,41778,45695,715,3,4,Employed,1
574,27,Male,Married,44264,24702,805,0,1,Unemployed,1
575,33,Female,Single,79675,30242,723,4,4,Unemployed,0
576,60,Female,Divorced,25075,7176,706,0,2,Self-employed,1
577,62,Male,Single,95948,25127,689,1,0,Unemployed,1
578,29,Male,Divorced,68454,46560,641,3,3,Employed,1
579,47,Female,Married,48365,32228,792,0,4,Self-employed,1
580,22,Male,Single,92766,25208,491,2,3,Employed,1
581,25,Male,Divorced,68200,33482,798,0,0,Self-employed,1
582,49,Female,Divorced,31002,14171,532,3,4,Self-employed,0
583,57,Male,Married,33947,40219,526,4,3,Employed,0
584,58,Female,Single,99222,38396,670,4,3,Unemployed,0
585,39,Male,Single,114840,47589,438,3,4,Unemployed,0
586,28,Female,Single,136219,45546,448,1,0,Self-employed,1
587,21,Male,Married,98610,8696,414,1,3,Employed,1
588,42,Male,Single,72142,25058,749,4,2,Employed,1
589,37,Female,Married,76307,25313,362,4,4,Self-employed,0
590,27,Male,Married,24493,24149,403,3,1,Unemployed,0
591,45,Female,Married,144023,46075,572,1,1,Employed,1
592,24,Male,Divorced,70085,9956,305,4,0,Unemployed,0
593,56,Female,Single,54228,15195,446,1,2,Unemployed,1
594,26,Female,Single,99676,22076,483,4,3,Self-employed,0
595,51,Female,Married,71875,6105,327,0,1,Self-employed,1
596,39,Female,Married,51655,20417,849,2,0,Unemployed,1
597,64,Male,Single,63472,29729,418,0,2,Employed,1
598,59,Male,Married,69437,35099,592,4,2,Employed,1
599,47,Female,Single,69416,37598,670,2,0,Self-employed,1
600,30,Female,Divorced,79711,34961,543,2,0,Unemployed,1
601,46,Female,Married,26816,17602,517,4,3,Employed,0
602,39,Male,Single,97175,14256,476,4,0,Employed,1
603,59,Male,Married,84307,25584,598,1,3,Self-employed,1
604,23,Male,Single,132728,39681,357,4,3,Unemployed,0
605,33,Male,Single,66733,30792,568,3,4,Employed,0
606,48,Female,Married,148202,26904,607,4,2,Self-employed,1
607,40,Female,Divorced,115028,48361,587,3,2,Employed,1
608,48,Female,Single,136450,39540,404,4,2,Employed,1
609,28,Male,Single,31240,31536,527,1,4,Employed,0
610,61,Male,Single,118234,24164,546,3,3,Self-employed,0
611,59,Male,Divorced,112493,17996,793,0,3,Unemployed,1
612,21,Female,Divorced,145149,7871,382,3,0,Self-employed,1
613,23,Female,Married,118344,27626,485,1,4,Unemployed,0
614,33,Male,Divorced,91363,15521,551,3,0,Employed,1
615,48,Female,Married,52762,48410,654,4,4,Unemployed,0
616,45,Male,Married,28259,6132,509,4,0,Employed,0
617,53,Male,Divorced,70139,38467,746,1,1,Employed,1
618,58,Female,Married,148775,19534,759,2,2,Self-employed,1
619,26,Male,Divorced,34849,28854,771,4,2,Employed,1
620,64,Female,Married,101768,47998,669,0,3,Self-employed,1
621,52,Male,Divorced,126108,44065,791,1,1,Unemployed,1
622,41,Female,Divorced,109709,12812,436,3,2,Unemployed,0
623,36,Female,Married,74869,9557,666,3,3,Employed,1
624,41,Female,Single,146888,7179,483,0,1,Self-employed,1
625,31,Male,Married,83095,48798,586,4,2,Employed,1
626,57,Male,Divorced,137886,14065,771,1,0,Self-employed,1
627,56,Female,Single,90910,13275,674,0,4,Self-employed,1
628,55,Female,Married,106710,40948,836,4,1,Self-employed,1
629,39,Male,Married,43567,25700,810,1,3,Unemployed,1
630,40,Male,Married,55292,44464,549,3,1,Self-employed,1
631,38,Male,Single,94813,47351,809,1,3,Unemployed,1
632,61,Female,Divorced,117136,32794,372,2,1,Self-employed,1
633,34,Male,Married,71631,33783,581,1,3,Unemployed,0
634,35,Male,Married,29885,21998,659,2,2,Unemployed,1
635,51,Female,Married,79659,18869,309,1,0,Unemployed,1
636,21,Male,Married,74306,49525,510,2,2,Employed,1
637,23,Male,Married,86314,33152,451,3,0,Self-employed,1
638,36,Male,Divorced,85087,25954,304,4,2,Employed,1
639,43,Female,Divorced,49165,36555,494,2,2,Self-employed,1
640,31,Female,Married,78929,21654,582,2,1,Self-employed,1
641,32,Female,Single,87028,40236,763,3,4,Employed,1
642,30,Female,Divorced,115998,20042,412,2,3,Unemployed,0
643,52,Female,Single,69812,30966,570,0,3,Self-employed,1
644,36,Female,Divorced,70500,49314,462,3,3,Unemployed,0
645,28,Female,Married,99151,19270,759,0,0,Employed,1
646,58,Male,Divorced,78643,35908,404,3,3,Unemployed,0
647,32,Male,Married,64900,20523,581,2,3,Self-employed,1
648,44,Female,Divorced,62946,24991,461,0,1,Self-employed,1
649,48,Male,Married,27851,15775,650,2,2,Self-employed,1
650,28,Male,Married,36288,17265,733,3,3,Employed,0
651,48,Female,Married,92692,24459,439,2,4,Self-employed,1
652,56,Male,Married,87580,21673,770,0,3,Employed,1
653,46,Male,Single,27368,32056,431,0,0,Unemployed,0
654,28,Male,Married,105436,11614,386,2,0,Self-employed,1
655,48,Male,Single,116136,41020,482,1,0,Self-employed,1
656,48,Male,Single,66403,12415,667,3,3,Self-employed,1
657,57,Female,Married,111170,28155,428,3,1,Unemployed,0
658,61,Female,Single,29168,48884,545,2,4,Self-employed,0
659,56,Female,Divorced,106497,21964,677,1,3,Employed,1
660,47,Male,Married,69879,42726,448,0,1,Unemployed,1
661,37,Female,Single,79871,42044,732,4,1,Unemployed,1
662,29,Male,Married,129632,42544,768,4,3,Unemployed,0
663,53,Male,Married,131623,37252,745,2,3,Unemployed,1
664,40,Male,Married,109388,8832,780,1,1,Unemployed,1
665,33,Male,Single,118646,30275,593,1,1,Employed,1
666,48,Female,Divorced,52174,19901,442,3,1,Unemployed,0
667,49,Female,Divorced,119751,43213,549,0,3,Self-employed,1
668,33,Male,Single,112491,39148,601,1,1,Unemployed,1
669,55,Female,Married,26581,47633,324,4,0,Unemployed,0
670,26,Male,Single,130155,27918,369,0,3,Unemployed,0
671,38,Female,Single,91853,24540,411,0,0,Unemployed,1
672,25,Female,Single,84046,16580,663,2,2,Unemployed,1
673,45,Male,Married,69678,43402,602,1,3,Employed,1
674,22,Female,Single,128392,43578,770,2,2,Employed,1
675,30,Male,Married,131250,29917,390,1,1,Unemployed,1
676,50,Female,Single,46649,27318,829,3,1,Employed,1
677,25,Male,Divorced,147795,15179,491,2,4,Self-employed,1
678,53,Male,Single,108668,17251,541,2,1,Unemployed,1
679,21,Female,Single,102325,24493,437,4,2,Self-employed,1
680,38,Female,Divorced,34567,25466,644,2,1,Self-employed,1
681,52,Male,Married,100404,35206,479,1,3,Unemployed,0
682,31,Female,Married,109906,24624,802,4,1,Self-employed,1
683,41,Female,Single,128069,31564,502,2,4,Self-employed,1
684,46,Male,Divorced,116019,27412,491,2,1,Self-employed,1
685,45,Male,Married,81944,32990,304,3,2,Unemployed,0
686,42,Female,Single,138428,40517,536,2,2,Unemployed,1
687,47,Male,Divorced,98002,18156,610,0,1,Self-employed,1
688,33,Male,Married,48803,28064,848,4,2,Unemployed,1
689,53,Male,Married,38230,30711,355,0,2,Unemployed,0
690,54,Female,Divorced,37862,35106,742,4,4,Self-employed,0
691,61,Female,Divorced,63355,21589,536,3,3,Unemployed,0
692,55,Male,Divorced,51259,28736,496,2,4,Employed,1
693,21,Female,Divorced,119075,25975,813,2,0,Unemployed,1
694,41,Male,Single,107445,41218,748,2,4,Employed,1
695,26,Female,Divorced,50795,12214,659,4,1,Self-employed,1
696,48,Male,Married,134604,35581,329,2,3,Unemployed,0
697,37,Male,Married,28770,25195,407,0,1,Self-employed,1
698,25,Female,Single,31093,49582,744,2,0,Self-employed,1
699,51,Male,Married,66571,32127,737,3,3,Self-employed,1
700,25,Female,Married,20193,10141,756,0,2,Self-employed,1
701,58,Female,Divorced,120311,33884,794,2,4,Self-employed,1
702,23,Male,Married,37569,29885,546,2,1,Unemployed,0
703,43,Male,Single,137082,7708,842,1,0,Employed,1
704,57,Female,Divorced,31190,23375,738,4,2,Unemployed,0
705,57,Male,Divorced,82824,20088,577,0,4,Unemployed,0
706,30,Male,Single,62752,49602,410,1,2,Unemployed,1
707,30,Male,Divorced,52327,15014,684,3,4,Unemployed,0
708,39,Male,Divorced,62070,8273,490,4,3,Employed,0
709,37,Male,Single,105925,42306,789,0,2,Unemployed,1
710,41,Female,Divorced,60197,35881,725,2,2,Self-employed,1
711,34,Female,Single,22261,36486,704,0,2,Unemployed,1
712,29,Male,Single,138424,17541,634,2,3,Unemployed,1
713,21,Male,Married,113905,13712,508,4,0,Employed,1
714,33,Male,Married,46512,14168,321,2,4,Employed,1
715,24,Female,Divorced,26716,8551,507,3,2,Self-employed,0
716,21,Male,Divorced,106795,17297,307,2,3,Unemployed,0
717,60,Female,Single,48933,48733,828,3,0,Unemployed,1
718,52,Female,Divorced,127225,32128,465,4,4,Unemployed,0
719,54,Female,Single,24378,7832,795,4,3,Self-employed,0
720,48,Male,Single,60583,33483,728,0,4,Employed,1
721,51,Female,Divorced,132082,27063,462,3,2,Self-employed,1
722,28,Male,Single,105371,27963,665,3,0,Unemployed,1
723,59,Female,Married,49033,18422,825,1,3,Employed,1
724,46,Male,Divorced,44000,37920,538,1,0,Employed,1
725,54,Female,Married,131032,16156,371,1,2,Self-employed,1
726,23,Male,Divorced,95868,16108,744,2,0,Employed,1
727,32,Female,Single,62604,36845,808,1,0,Employed,1
728,21,Male,Divorced,88336,7800,568,3,1,Unemployed,0
729,64,Male,Married,115074,43078,714,2,0,Unemployed,1
730,25,Male,Single,115655,47712,544,4,4,Employed,0
731,50,Male,Divorced,93869,7610,359,0,3,Employed,1
732,50,Female,Divorced,25410,17067,305,1,1,Self-employed,1
733,37,Female,Divorced,103375,38872,706,4,3,Self-employed,1
734,43,Male,Married,76044,15728,516,3,3,Employed,0
735,35,Female,Married,83315,34566,325,0,2,Unemployed,1
736,57,Male,Divorced,116055,34783,304,4,2,Employed,1
737,41,Male,Single,91344,25583,831,0,1,Employed,1
738,34,Female,Single,26796,25238,689,1,2,Unemployed,1
739,22,Male,Married,106716,12263,747,3,2,Unemployed,1
740,31,Male,Single,74245,6914,445,0,2,Self-employed,1
741,59,Female,Married,63056,28749,687,4,3,Self-employed,1
742,58,Male,Divorced,37709,24456,548,1,1,Self-employed,1
743,54,Male,Married,139664,30582,825,1,3,Self-employed,1
744,58,Male,Married,78557,5406,761,4,4,Unemployed,0
745,54,Male,Divorced,37543,18689,312,4,3,Employed,0
746,38,Female,Single,57418,37934,683,0,4,Self-employed,1
747,50,Female,Married,114611,38276,698,2,0,Self-employed,1
748,35,Female,Married,123291,41432,318,1,0,Unemployed,1
749,47,Male,Divorced,133504,24873,790,0,4,Unemployed,1
750,54,Male,Single,123001,18050,718,4,4,Employed,1
751,58,Female,Married,116038,5680,636,0,3,Employed,1
752,53,Male,Divorced,36724,23908,718,4,4,Unemployed,0
753,44,Male,Married,23828,23504,421,3,1,Self-employed,0
754,35,Male,Divorced,136656,26644,731,4,0,Self-employed,1
755,50,Male,Single,37087,42125,343,4,0,Self-employed,0
756,62,Female,Single,32605,6363,616,4,4,Employed,0
757,37,Female,Single,51337,47291,680,2,2,Self-employed,1
758,25,Female,Single,25482,40060,444,4,2,Self-employed,0
759,49,Male,Married,85333,6538,626,1,4,Unemployed,1
760,24,Female,Married,112541,41176,662,1,1,Self-employed,1
761,30,Female,Single,108296,46520,349,0,2,Unemployed,1
762,37,Male,Single,70952,30675,364,2,4,Self-employed,1
763,30,Male,Single,25463,23287,654,0,1,Employed,1
764,37,Female,Married,132164,5174,463,1,1,Self-employed,1
765,40,Female,Single,90448,31732,440,1,3,Self-employed,1
766,44,Female,Single,24648,39998,427,3,1,Unemployed,0
767,25,Female,Single,53623,42055,697,4,2,Unemployed,1
768,54,Male,Divorced,79156,17112,762,1,2,Unemployed,1
769,26,Female,Single,55634,44874,486,0,4,Self-employed,1
770,22,Female,Divorced,64602,14689,489,0,4,Self-employed,1
771,33,Male,Divorced,134598,49814,687,4,1,Employed,1
772,63,Female,Single,69334,24555,728,4,0,Self-employed,1
773,63,Male,Divorced,88648,38919,583,3,3,Employed,0
774,31,Male,Single,42054,12619,536,2,0,Unemployed,1
775,43,Male,Married,90028,11033,493,0,1,Unemployed,1
776,36,Female,Married,42207,46328,586,4,1,Unemployed,0
777,51,Female,Married,100650,9946,435,0,0,Employed,1
778,31,Male,Married,119821,29618,470,4,3,Self-employed,0
779,36,Female,Divorced,101554,39675,458,1,0,Unemployed,1
780,28,Female,Single,41386,41258,500,0,4,Self-employed,1
781,24,Male,Single,103276,23919,786,1,2,Self-employed,1
782,60,Male,Single,79518,9173,803,0,4,Unemployed,1
783,24,Female,Married,72781,48833,670,2,2,Employed,1
784,45,Male,Married,72780,31400,402,3,1,Self-employed,1
785,23,Female,Single,81440,9769,424,1,3,Unemployed,0
786,52,Female,Married,64199,42564,612,4,0,Self-employed,1
787,23,Female,Single,81035,19211,757,2,3,Self-employed,1
788,47,Female,Single,28210,28255,529,0,0,Self-employed,1
789,49,Male,Single,64363,32962,496,1,4,Self-employed,1
790,52,Male,Single,131175,24356,722,0,4,Self-employed,1
791,39,Male,Single,98279,25306,470,0,0,Employed,1
792,41,Male,Single,80348,9997,681,0,3,Employed,1
793,25,Female,Single,75284,22376,472,3,0,Unemployed,0
794,38,Female,Married,127628,45880,752,3,1,Employed,1
795,48,Male,Single,129835,43055,649,4,4,Employed,1
796,62,Female,Single,92124,15578,793,1,1,Employed,1
797,42,Female,Married,88847,23624,303,2,4,Self-employed,1
798,41,Female,Married,42432,44194,392,2,4,Self-employed,1
799,26,Male,Married,146252,49367,305,2,2,Unemployed,1
800,21,Male,Single,84089,5389,587,0,1,Unemployed,1
801,25,Male,Divorced,75398,38767,445,3,1,Unemployed,0
802,61,Female,Divorced,119291,6855,723,1,2,Self-employed,1
803,32,Male,Married,23321,45893,756,0,3,Employed,1
804,46,Male,Divorced,101348,18794,501,3,1,Employed,1
805,54,Male,Married,57383,40531,511,3,0,Self-employed,1
806,34,Male,Single,133816,9986,305,1,2,Unemployed,1
807,46,Male,Divorced,98682,37298,675,1,1,Unemployed,1
808,47,Male,Single,143053,6481,746,1,3,Unemployed,1
809,29,Female,Divorced,99190,8731,405,0,1,Self-employed,1
810,46,Female,Single,72893,21835,700,4,4,Unemployed,0
811,42,Male,Divorced,55820,32798,395,1,0,Unemployed,1
812,50,Male,Single,141262,31113,687,4,2,Self-employed,1
813,63,Female,Single,86262,24477,751,0,4,Employed,1
814,37,Female,Divorced,23760,22266,715,4,3,Self-employed,0
815,46,Male,Single,42190,25792,803,2,4,Self-employed,1
816,56,Male,Single,87411,25452,753,4,4,Self-employed,1
817,21,Male,Single,43377,48526,590,1,3,Self-employed,1
818,28,Male,Divorced,66737,46334,833,0,4,Employed,1
819,55,Female,Divorced,89569,16889,492,1,2,Unemployed,1
820,35,Male,Single,58211,29335,449,2,1,Self-employed,1
821,42,Male,Single,102909,16254,814,1,4,Employed,1
822,34,Male,Divorced,23744,26074,692,1,2,Unemployed,1
823,46,Male,Divorced,145566,16442,615,1,1,Unemployed,1
824,48,Female,Single,44995,42327,375,3,1,Unemployed,0
825,43,Female,Single,36977,21199,569,2,4,Self-employed,0
826,34,Female,Single,149508,12291,524,1,2,Self-employed,1
827,44,Male,Married,117938,45928,829,1,4,Unemployed,1
828,22,Male,Divorced,54542,5112,412,1,3,Unemployed,0
829,46,Female,Married,30651,26515,550,0,1,Unemployed,0
830,34,Male,Divorced,119239,24581,532,3,4,Unemployed,0
831,27,Male,Divorced,98931,31500,382,0,1,Unemployed,1
832,23,Female,Divorced,115344,37026,424,3,2,Unemployed,0
833,43,Female,Divorced,122112,21523,474,1,0,Employed,1
834,63,Female,Divorced,36715,6424,368,2,4,Unemployed,0
835,38,Female,Divorced,64409,24552,346,4,4,Self-employed,0
836,58,Male,Divorced,44306,15808,555,4,1,Self-employed,1
837,55,Male,Married,39086,43811,329,1,2,Self-employed,1
838,35,Female,Single,34376,11989,580,0,3,Unemployed,0
839,45,Male,Single,81350,28620,536,2,2,Self-employed,1
840,57,Female,Married,91425,44029,547,3,4,Employed,0
841,48,Female,Married,123358,5887,667,1,3,Unemployed,1
842,30,Male,Married,56636,36802,794,2,2,Self-employed,1
843,59,Female,Married,106120,24488,324,2,0,Employed,1
844,37,Male,Divorced,134889,35013,789,3,1,Employed,1
845,59,Male,Single,71649,21402,793,2,2,Self-employed,1
846,42,Male,Divorced,54610,26205,613,0,2,Employed,1
847,46,Male,Single,30058,31049,674,0,0,Self-employed,1
848,64,Female,Single,144876,17253,324,0,4,Employed,1
849,45,Male,Married,148265,23990,633,2,1,Unemployed,1
850,37,Female,Divorced,94637,12846,654,0,2,Unemployed,1
851,33,Female,Married,98033,30027,415,3,3,Unemployed,0
852,40,Female,Divorced,90194,44200,347,2,2,Unemployed,1
853,45,Female,Single,96917,8765,398,4,1,Unemployed,0
854,24,Male,Married,84200,20950,758,2,2,Self-employed,1
855,30,Male,Married,125848,14741,822,3,0,Unemployed,1
856,23,Female,Single,126022,27742,704,4,2,Unemployed,1
857,61,Female,Single,66619,29703,513,2,2,Unemployed,1
858,38,Male,Single,37154,43709,802,0,3,Unemployed,0
859,56,Female,Married,39539,42623,747,1,0,Employed,1
860,42,Male,Divorced,145381,27931,557,1,0,Unemployed,1
861,54,Female,Married,80058,28580,420,0,2,Unemployed,1
862,28,Male,Divorced,82068,20166,353,1,3,Self-employed,1
863,60,Female,Married,97313,34240,630,1,2,Employed,1
864,64,Female,Married,119932,30991,540,0,2,Self-employed,1
865,39,Male,Single,50373,43556,829,0,1,Unemployed,1
866,62,Female,Divorced,53154,37969,782,2,1,Self-employed,1
867,61,Female,Married,26031,15561,486,2,3,Self-employed,0
868,57,Male,Married,113533,21901,561,0,4,Unemployed,0
869,26,Female,Single,91975,45505,663,3,1,Employed,1
870,46,Male,Single,42785,35020,790,1,4,Employed,1
871,54,Male,Divorced,98928,30917,730,2,0,Self-employed,1
872,26,Female,Married,138696,6988,538,1,1,Unemployed,1
873,57,Female,Divorced,48669,49505,603,4,1,Self-employed,1
874,53,Female,Married,114475,19256,597,0,3,Self-employed,1
875,42,Female,Divorced,137154,27192,375,3,4,Self-employed,0
876,41,Female,Single,22282,33230,632,4,1,Unemployed,0
877,26,Female,Married,54624,44930,773,4,1,Unemployed,1
878,26,Female,Divorced,68438,27625,582,4,3,Employed,0
879,24,Male,Single,109900,37088,371,0,3,Unemployed,0
880,50,Female,Single,87534,19114,562,2,4,Self-employed,1
881,31,Male,Divorced,51705,46167,311,0,0,Self-employed,1
882,50,Female,Married,58244,43401,440,2,0,Employed,1
883,51,Female,Married,94964,10755,316,4,2,Unemployed,0
884,44,Male,Single,57437,15825,362,4,1,Self-employed,1
885,29,Female,Married,97872,27693,552,3,4,Employed,0
886,23,Female,Married,94878,9117,764,2,1,Employed,1
887,51,Male,Married,139006,29729,675,4,4,Self-employed,1
888,60,Female,Single,125368,37182,819,1,4,Self-employed,1
889,57,Female,Divorced,92982,33890,389,3,4,Unemployed,0
890,56,Female,Married,70583,34340,474,0,1,Employed,1
891,44,Male,Single,58392,6518,375,3,3,Self-employed,0
892,51,Female,Single,27461,35949,699,1,1,Employed,1
893,26,Female,Divorced,120123,27547,370,2,4,Unemployed,0
894,22,Female,Married,30516,21346,479,0,2,Self-employed,1
895,40,Female,Married,99285,7600,423,0,0,Unemployed,1
896,48,Male,Divorced,37514,34267,680,2,4,Employed,1
897,31,Male,Divorced,148657,41322,592,3,2,Unemployed,0
898,24,Female,Single,141251,31990,494,4,3,Unemployed,0
899,35,Female,Single,120962,21193,527,3,4,Employed,0
900,26,Male,Divorced,56268,35109,730,1,2,Unemployed,1
901,50,Male,Married,110486,24233,735,4,4,Employed,1
902,58,Female,Single,120424,21194,760,3,1,Self-employed,1
903,22,Male,Single,56788,39510,320,2,2,Employed,1
904,35,Female,Married,95749,6306,363,1,1,Employed,1
905,31,Male,Single,81049,8849,464,1,1,Self-employed,1
906,28,Male,Married,82493,17360,326,1,2,Employed,1
907,46,Male,Married,56027,34231,610,4,0,Self-employed,1
908,64,Male,Married,113547,41963,584,0,2,Self-employed,1
909,25,Female,Divorced,62849,23689,580,4,0,Employed,1
910,26,Male,Divorced,120127,34084,463,3,4,Unemployed,0
911,46,Male,Divorced,37858,45387,523,0,4,Unemployed,0
912,24,Female,Married,104162,14280,445,3,2,Self-employed,1
913,39,Male,Married,99003,7642,329,0,4,Unemployed,0
914,40,Male,Divorced,72395,47137,344,4,3,Unemployed,0
915,53,Female,Single,59758,19296,770,1,1,Employed,1
916,40,Male,Married,74312,20438,333,2,1,Self-employed,1
917,32,Female,Single,88670,42525,726,1,0,Self-employed,1
918,21,Female,Single,136758,7994,520,4,4,Employed,0
919,46,Female,Married,102279,39039,833,0,0,Unemployed,1
920,34,Female,Married,35434,6813,666,1,1,Self-employed,1
921,58,Male,Single,84047,32491,849,4,1,Unemployed,1
922,57,Female,Single,67775,23845,415,3,4,Self-employed,0
923,31,Male,Divorced,95769,46243,538,2,3,Self-employed,1
924,56,Male,Divorced,134682,42164,634,1,3,Self-employed,1
925,33,Male,Married,86677,47051,740,0,4,Self-employed,1
926,63,Male,Divorced,103555,18318,447,3,4,Unemployed,0
927,23,Male,Divorced,148379,22200,308,4,0,Unemployed,0
928,53,Male,Divorced,105920,5082,587,2,4,Unemployed,0
929,26,Male,Divorced,128439,6920,687,0,3,Unemployed,1
930,30,Male,Single,65734,45585,349,4,4,Employed,0
931,25,Male,Married,121665,16683,816,4,0,Self-employed,1
932,43,Male,Divorced,108503,16336,577,1,0,Self-employed,1
933,30,Female,Single,60603,20596,599,1,0,Self-employed,1
934,64,Female,Single,96708,7093,434,0,0,Employed,1
935,22,Female,Single,101926,17905,446,4,2,Unemployed,0
936,33,Male,Divorced,88803,29351,789,1,4,Self-employed,1
937,60,Female,Divorced,59332,35981,777,2,1,Unemployed,1
938,22,Female,Married,111703,13367,458,2,4,Unemployed,0
939,40,Female,Divorced,41312,10285,683,4,2,Employed,1
940,21,Male,Divorced,113376,48664,462,1,0,Employed,1
941,57,Male,Single,104526,42705,740,0,2,Unemployed,1
942,29,Male,Married,64179,21753,488,0,3,Self-employed,1
943,37,Male,Divorced,91442,23485,714,0,3,Self-employed,1
944,29,Female,Divorced,134332,17977,638,2,4,Employed,1
945,31,Female,Single,137961,24874,480,1,4,Employed,1
946,35,Female,Single,60379,12674,587,1,1,Employed,1
947,44,Female,Divorced,37297,34038,486,2,1,Employed,1
948,58,Male,Married,22011,34315,437,0,3,Employed,0
949,55,Male,Married,136130,8676,429,0,0,Employed,1
950,50,Male,Single,140234,7426,493,4,2,Employed,1
951,51,Female,Single,64014,29473,615,3,1,Self-employed,1
952,25,Male,Divorced,132094,7962,443,1,1,Employed,1
953,64,Male,Single,31738,34943,315,1,0,Employed,1
954,34,Female,Divorced,114333,5859,601,1,0,Self-employed,1
955,31,Female,Married,67498,49816,722,3,4,Self-employed,1
956,29,Male,Married,147792,9138,544,4,2,Unemployed,0
957,54,Male,Divorced,31120,40192,406,3,0,Employed,0
958,32,Male,Single,136517,30640,387,0,1,Employed,1
959,55,Male,Married,28767,15409,428,0,1,Employed,1
960,55,Male,Single,42852,9017,640,1,3,Employed,1
961,21,Male,Married,99239,15451,303,2,0,Unemployed,1
962,60,Female,Divorced,20929,33327,626,1,4,Self-employed,1
963,42,Female,Divorced,97487,15278,709,2,2,Self-employed,1
964,49,Female,Divorced,138387,29944,605,3,4,Employed,1
965,28,Male,Married,111575,48764,524,0,1,Employed,1
966,31,Female,Single,146155,6134,647,2,4,Employed,1
967,61,Male,Single,134149,35131,620,3,1,Unemployed,1
968,57,Male,Single,115040,42887,480,0,1,Unemployed,1
969,34,Female,Married,37438,43462,685,2,1,Self-employed,1
970,50,Male,Married,68515,27520,407,1,1,Employed,1
971,55,Male,Married,25744,26869,830,1,1,Employed,1
972,41,Female,Married,103820,41932,709,1,3,Employed,1
973,57,Female,Married,62417,10039,595,3,4,Employed,0
974,25,Female,Single,125284,26281,470,1,3,Unemployed,0
975,39,Male,Married,27069,15442,630,4,3,Self-employed,0
976,34,Female,Married,62359,13252,792,0,0,Self-employed,1
977,46,Female,Single,39799,32586,494,3,0,Unemployed,0
978,24,Male,Married,118746,22568,311,1,0,Employed,1
979,45,Female,Single,113762,25810,494,0,2,Self-employed,1
980,62,Female,Single,140906,6551,789,2,0,Self-employed,1
981,45,Female,Divorced,90188,17625,481,1,4,Unemployed,0
982,38,Male,Divorced,109859,39397,615,0,3,Employed,1
983,60,Male,Divorced,142521,31249,329,4,4,Self-employed,0
984,28,Male,Divorced,127674,6361,395,2,0,Employed,1
985,59,Male,Married,27597,31149,680,4,2,Self-employed,1
986,60,Female,Divorced,67093,9370,743,0,2,Unemployed,1
987,34,Male,Single,57226,10283,597,4,3,Employed,0
988,52,Male,Married,92127,12610,660,0,4,Unemployed,1
989,58,Female,Divorced,134650,48326,673,0,1,Self-employed,1
990,53,Female,Single,111369,19924,602,4,4,Unemployed,0
991,43,Female,Married,97362,49717,720,0,0,Unemployed,1
992,35,Male,Married,46417,15626,545,1,1,Unemployed,1
993,53,Male,Divorced,38693,39761,536,0,2,Self-employed,1
994,45,Male,Married,99674,5869,833,3,3,Employed,1
995,37,Female,Single,140956,36552,484,0,3,Unemployed,0
996,53,Female,Married,135598,6014,767,3,2,Employed,1
997,22,Male,Single,139028,15103,662,0,0,Self-employed,1
998,34,Female,Married,147517,21986,582,0,2,Employed,1
999,60,Female,Divorced,73161,49781,635,4,0,Unemployed,1
1000,60,Female,Single,141316,35471,461,1,1,Unemployed,1
